{
  "assetsByChunkName": {
    "vendors~app-account~app-checkout~app-confirmation~app-order": "chunk.b5a9174d66024d0e43d5.js",
    "vendors~app-account~app-confirmation~app-order": "chunk.947ad33273c453a215c1.js",
    "vendors~app-account~app-checkout": "chunk.0d3cc1b87f2f36ec99ed.js",
    "vendors~app-cart~app-checkout": "chunk.2eb933efce2203e7023c.js",
    "admin": [
      "admin.e149da333c5d60809a02.js",
      "admin.e149da333c5d60809a02.js.map"
    ],
    "app-account": "chunk.2ca87a71aa808df84007.js",
    "app-checkout": "chunk.cae112af81e969a70e0d.js",
    "app-confirmation": "chunk.74b3c37a54eb1a5b99f0.js",
    "app-order": "chunk.aa599cc9f79301104bcb.js",
    "checkout": [
      "checkout.82b7bc2ed60971e30ce6.js",
      "checkout.82b7bc2ed60971e30ce6.js.map"
    ],
    "storefront": [
      "storefront.d6186aa60178c5400667.css",
      "storefront.c7c411b9eebf5cc23f32.js",
      "storefront.d6186aa60178c5400667.css.map",
      "storefront.c7c411b9eebf5cc23f32.js.map"
    ],
    "vendors~app-cart": "chunk.f4383ead6507fa2d4fe9.js"
  }
}